{"count":1,"self":552.40576,"total":7200.4771759999994,"children":{"InitializeActuators":{"count":32,"self":0.0024809999999999997,"total":0.0024809999999999997,"children":null},"InitializeSensors":{"count":32,"self":0.004883,"total":0.004883,"children":null},"AgentSendState":{"count":464517,"self":183.3823104,"total":285.071958,"children":{"CollectObservations":{"count":2973120,"self":1.887475,"total":1.887475,"children":null},"WriteActionMask":{"count":2973120,"self":1.9326269999999999,"total":1.9326269999999999,"children":null},"RequestDecision":{"count":2973120,"self":6.7600016,"total":97.869545,"children":{"AgentInfo.ToProto":{"count":2973120,"self":7.5868576,"total":91.109543,"children":{"GenerateSensorData":{"count":2973120,"self":73.028998399999992,"total":83.522685,"children":{"RayPerceptionSensor.Perceive":{"count":5946240,"self":10.493687999999999,"total":10.493687999999999,"children":null}}}}}}}}},"DecideAction":{"count":464517,"self":6335.7779967999995,"total":6335.777811,"children":null},"AgentAct":{"count":464517,"self":26.1389168,"total":26.139815,"children":{"AgentInfo.ToProto":{"count":26,"self":9.0999999999999989E-05,"total":0.00089799999999999993,"children":{"GenerateSensorData":{"count":26,"self":0.00071499999999999992,"total":0.000807,"children":{"RayPerceptionSensor.Perceive":{"count":52,"self":9.2E-05,"total":9.2E-05,"children":null}}}}}}},"AgentInfo.ToProto":{"count":24340,"self":0.12351999999999999,"total":1.0722829999999999,"children":{"GenerateSensorData":{"count":24340,"self":0.84993999999999992,"total":0.94876299999999991,"children":{"RayPerceptionSensor.Perceive":{"count":48680,"self":0.098823,"total":0.098823,"children":null}}}}}},"gauges":{"Soccer.CumulativeReward":{"count":24366,"max":10.7999954,"min":-1,"runningAverage":1.36404383,"value":0,"weightedAverage":1.62681019}},"metadata":{"timer_format_version":"0.1.0","start_time_seconds":"1629267398","unity_version":"2021.1.15f1","command_line_arguments":"\/Applications\/Unity\/Hub\/Editor\/2021.1.15f1\/Unity.app\/Contents\/MacOS\/Unity -createproject \/Users\/zack\/Github\/KD6\/MLSoccer -cloneFromTemplate \/Applications\/Unity\/Hub\/Editor\/2021.1.15f1\/Unity.app\/Contents\/Resources\/PackageManager\/ProjectTemplates\/com.unity.template.3d-5.0.4.tgz -cloudOrganization  -cloudEnvironment production -useHub -hubIPC -hubSessionId 07917500-ff28-11eb-ac44-633ebcdaccdb -accessToken TTYjry7sgOkUT-CW-uXcogVtiK26PcXJlMDma8BR8Jw008f","communication_protocol_version":"1.5.0","com.unity.ml-agents_version":"2.1.0-exp.1","scene_name":"SampleScene","end_time_seconds":"1629274598"}}